Alias,country
810770,CAN
20DAN03,GBR
321MRHAATZ,COL
3ARRETT,USA
3NT0N,GER
3RROR404,DEN
666_NOOB,GBR
8888Q,USA
AARON LEE,AUS
ABACYS,BEL
ADAM,XXX
ADAM CORNELIUS,USA
ADDISON,CAN
ADIRONDACK,USA
ADRENALIN,GBR
ADUDEABIDES,USA
AFAELR,BRA
AGAMESCOUT,USA
AGUSVITTA,ARG
AIRETHO,USA
AKAY,CAN
AKGRANDMASTERB,USA
AKIDEEMUS,FIN
AKUMA,GER
AL SHAHED,AUS
ALAN,USA
ALDEN,USA
ALECAT,AUS
ALEJODIOS,ARG
ALEX (HONG KONG),HKG
ALEX H,GBR
ALEX KERR,USA
ALEX STROESCU,ROU
ALEX THACH,USA
ALEXKTETRIS,CAN
ALFALFA,COL
ALLENBOT,SGP
ALLY_OK,USA
ALOHAAXE,USA
ALWIN,SUI
AMJ,USA
ANCHIKAI,USA
ANDMIND,ITA
ANDRE,GBR
ANDREW,AUS
ANDREY,BRA
ANDREY K,RUS
ANGEL,HKG
ANGELO666,ITA
ANGRYCOLER,ESP
ANGRYRORO,USA
ANGUS,AUS
ANICOMI,KAZ
ANNA D,USA
ANOMALOUS,USA
DILLAN,USA
ANXIECHRIS,BRA
APROPERDOG,ITA
ARBARO,USA
ARCANTIUSX,XXX
ARCHINA,GBR
ARD1998,NED
ARDEN,ITA
ARHPLAYSTETRIS,XXX
ARMON,USA
ARMSTRONG,USA
ARTUR,MDA
ASMADI,USA
ASTA,USA
ASUNARU,JPN
ATALITO,TUR
ATKOSTER,XXX
AURORA,USA
AVGEEK,USA
AVOGADRUU,INA
AWNING_GUY,USA
HANA,USA
AYDEN,ARG
AZN_ANTHONY,AUS
B14NK,USA
BACON AND PIE,USA
BALAAGE,HUN
BAO,SGP
BARD_OW,IRL
BATFOY,USA
BBFORKY,USA
BEA,BRA
BEADLE,GBR
BEASTINSHEN,USA
BEN C,AUS
BEN MULLEN,USA
BENFAMIR,GBR
BENJY,USA
BENN,AUS
BENNOLCK,AUS
BEPO,LUX
BETASTREP,USA
BH180,XXX
BIG_RED,USA
BIGGIEMAC,USA
BIGLEWWI,USA
BIGSIPPY,USA
BIRBWIZARD,USA
BISBY,USA
BLAARG,USA
BLACKCAT,POL
BLAKEGONG,SGP
BLARGMEISTER,GBR
BLAUWALBUBE,GER
BLAZECC,USA
BLAZIER,AUS
BLUEBOB,CAN
BMAC,CAN
BO STEIL,USA
BOB JENKINS,USA
BOSSROSS,USA
BOT_1985,XXX
BOWSER,USA
BOXIE,POR
BREAKFASTNOODLES,USA
BREANDAN,GBR
BREN CHI,HKG
BRENT W,AUS
BRIAN,HKG
BRIAN GLESSNER,USA
BRIAN PELLEGRINI,USA
BRIAN W,USA
BRIANC,BRA
BRICE P,CAN
BRODINDAMP,USA
BRYANMENDES,USA
BTYPE,USA
BUBBLE,GBR
BUCO,USA
BULESKANE,INA
BULLSEYE,USA
BURKE,USA
BURRITODAD,USA
BUTTERED,USA
C-B-A-,CAN
C-DUBS,USA
C.N.GEEK,CAN
CALCULATINGPOET,USA
CALIMANX,USA
CAMEELHABIB,USA
CAMERON EURE,USA
CARDEK,CZE
CASEY,AUS
CASTE,ITA
CASUALLY PWNING,GBR
CAZ HOAD,AUS
CC WINNER,XXX
CHAD,USA
CHAD MUSE,USA
CHARKRA,GBR
CHARLESSPARKLEY,USA
ARCHNASH,GBR
BANJ026,PER
BENDY1,USA
BIGPILE,GUM
CHEEZ,USA
CHENZIXUAN,ROC
CHESSJERK,USA
CHIDORI,USA
CHILLER,AUS
CHIRPINGMATT,USA
CHODELERON,USA
CHONG,SGP
CHRIS (CANADA),CAN
CHRIS BARB,CAN
CHRIS BIDWELL,USA
CHRIS BRADY,USA
CHRIS EXTINE,USA
CHRIS FORYST,POL
CHRIS H,AUS
CHRIS K,CAN
CHRIS TANG,USA
CHRISSY FORD,GBR
CHRISTIAN,USA
CHRONOS,USA
CHRRRISTO,CAN
CHUN WU,HKG
CHUSHIGLORIA,GER
CIMBRAIEN,INA
CIPOLLARA,ITA
CLANCY,USA
CLARENCE,USA
ClassicTetris,XXX
ClassicTetris2,XXX
ClassicTetrisItaly,XXX
ClassicTetrisKorea,XXX
ClassicTetrisLATAM,XXX
ClassicTetrisLeague,XXX
classictetrispolska,XXX
ClassicTetrisRussia,XXX
ClassicTetrisVietnam,XXX
CLAVER,BEL
CLEMAN,GER
CLUBSODA,USA
CMG444,USA
COLOR,USA
COLSTON,GBR
COLTELLO,KAZ
COLTON,USA
COMBATSLAYER,XXX
COMEGALLETAS,COL
CONOR,CAN
COOKIE,GBR
COUNTNEKO,USA
CRAB,USA
CRAFTEEKIM,USA
CROAGUNK,KOR
CROWHUNTT,ESP
CUB_03,PHI
CWIEKOSZCZAK,POL
CWIIIS,GBR
CZARJORDAN,USA
D LO,USA
DAASIANN,USA
DABEAST,USA
DADO,CRO
DADTRIS,USA
DAIN ANDERSON,USA
DAN CHILTON,USA
DAN GRIFFIN,AUS
DAN_999,USA
DANA WILCOX,USA
DANANDR,RUS
DANIEL_USA,USA
DANIELEMELONZ,ITA
DANIELSONG,USA
DANLDP,INA
DANNY VULICH,USA
DANNYMAGE,USA
DANQZ,USA
DANSUSHI,USA
DANVINKI,GBR
DARKARIES,USA
DARKFOX36,USA
DARTHBUNNY,FIN
DARTHDREDZ,CAN
DAS_MASTER,KOR
DASQZ,USA
DAVE,HKG
DAVE M,AUS
DAVE W,CAN
DAVESMITHSAYS,USA
DAVID A,AUS
DAVID VULICH,USA
DAVIDMJ,USA
DAWG,USA
DBS,CAN
DDTREGULATOR,USA
DE_MARTIAN,USA
DEADMEME,USA
DEATHTAXES,USA
DEEWEE,FIN
DEIMOS,ITA
DENIS1080,CAN
DEPCOW,USA
DERMOTNINJA,USA
DESERTEAGLE417,USA
DEVBOSS,USA
DEVOLITION,USA
DEXFORE,USA
DGCUBES,USA
DIAMONDS,GBR
DIANA,GBR
DIGGS,NOR
DIMA,RUS
DIMNEL,POL
DITSHADOWS,USA
DIVCASTE,USA
DIZZY_AF,RUS
DMHERO,USA
DMSY,INA
DOBRYCZLEK,POL
DOG,USA
DOGE,USA
DON,HKG
DOOMSTER,CAN
DORIAN,USA
DOUGLAS ARCADI,USA
DREW SHOTWELL,USA
DRFUZZMAN,USA
DRKN1CKERS,MYS
DTHEOREM,CAN
E_FLAT7,CAN
EAGLE,FRA
EANDIS,RUS
ECLASSIC32,XXX
ED,USA
EEE_INN,USA
EESHOOT,RUS
EGGDIZZY,POL
EL_PANTZZZ,USA
ELI MARKSTROM,USA
ELIWA,AUT
ELPAILTEM,NED
EMPTY,CAN
EMPTYEYE,USA
EMPTYFIELD,XXX
EMRAH,LUX
ENDERMINE,CAN
EQ PILLOW,USA
EREN,USA
ERICICX,USA
ERIK,CAN
ERIS,SUI
ESSILOKS,NOR
ETFRUITNINJA,USA
ETHAN DANIELS,USA
EVESY,GBR
EVUUSAN,USA
EVYBABEE,CAN
EXEWIN,POL
F1CHAMPION,ESP
FABIO WONG,HKG
FABRICE,FRA
FAMAROK,SWE
FARHAN,INA
FATHER ESTEBAN,AUS
FATSAM,MAC
FBI_STEVO,USA
FELINHO,GER
FELIPE,BRA
FENIL,IND
FEODEN,USA
FERROW,GER
FFRPRO21,CAN
FH_JORDAN,XXX
FLASHBOY,VIE
FLORIAN,AUT
FOILEDTHRICE,USA
FOUAD,USA
FRACTAL,USA
FRADOG,AUS
FRAMEDUMP,NZL
FRANK WESTPHAL,USA
FRANKO,HKG
FREDAGSVIK,NOR
FREDHOLM,SWE
FREEMAN,ESP
FREYASSPRT,USA
FRIDAYWITCH,USA
FRITZ,NED
FUNG CHAN,HKG
FUR OF KITTEN,CAN
FURIOUS PROGRAMMING,POL
FUTURE,USA
GABRIEL REZENDE,BRA
GALOOMBA,SLO
GARBAGEEGG,IRL
GARION,USA
GARY,HKG
GARY LIAO,CAN
GASTER,PHI
GBRM8,GBR
GDUDGE,POL
GEEFORCE,USA
GENO,USA
GERALD,SGP
GERHARD_ADLER,NOR
GERZI,HUN
GIANT,GER
GIN MORGAN,USA
GIO,PUR
GIOVANNI,ITA
GIZMO4487,USA
GLITCHCAT7,USA
GOEL,USA
GOLDENNICKEL,NED
GOOBERLP,USA
GRANDDESIGNS,USA
GRANNYPANPAN,USA
GRANT SIEFKER,USA
GRAPE,SGP
GREENTEA,JPN
GREG OPYC,CAN
GREG VANDER VELDEN,USA
GREGBOOMCANNON,USA
GREGO,USA
GROBLIN,AUS
GUERREROASDF,COL
GUMMITHECAT,USA
GUNTER,FRA
GUO ZI ANG,ROC
H2OHAPPYDUDE,USA
HALLOWEEN,FRA
HANKS,CAN
HARDDROPCAFE,LIE
HARRIEM,GRE
HARRISON (KOFI),USA
HARRY,USA
HAVEN,HKG
HEADJUMP,GER
HEATHER ITO,USA
HEBOMAI,JPN
HEIST,CHI
HELI,AUS
HELOMAIR,ROC
HENRY HU,AUS
HEPPS,GBR
HEZZULI,FIN
HGAGNON,USA
HIDERI,USA
HIKARU,VIE
HIM,HKG
HIWD,USA
HIYBEHUB,USA
HOLIFYRE,KOR
HORRORKRFT,GER
HUFF (ROLL),USA
HUFFULUFUGUS,USA
HUNN14,USA
HYAKUTARO,ITA
HYDRANTDUDE,USA
HYPER-X,CAN
HYPERMISDROPPER,USA
I31X,USA
IANKEITH,USA
IANNIBBA,USA
IBALL,CAN
ICEBLADE73,SUI
ICEFOX,XXX
IDKROFL,USA
IHSCA (KYW),ROC
ILARIA,ITA
ILJAIN,ROC
IMDSS,POR
IMOC,GER
IMPLODE,USA
INDIAN LUKE,IND
INEXISTENCE,GBR
INSANISO,BRA
ISAAC,HKG
ISAAKQUING,RUS
ISAQUE,BRA
ITGBALBAR,MGL
ITSTHEFIRE,VIE
J,USA
JACK SLATER,USA
JACKIEB,USA
JACKSON,CAN
JAIRIN,ECU
JAKE STEIN,USA
JAKEY,USA
JAKUB,GER
JAMEZO,USA
JANI,FIN
JAPORTO,BRA
JASON SIMONEAUX,USA
JATLOE,USA
JAVU3,ESP
JAWS,USA
JAYDUBBYY,USA
JAYP33,GER
JAZZTHIEF,BEL
JAZZYSPNL,USA
JEDI,LUX
JEEZ007,CAN
JEFF,USA
JEFF TCHEN,CAN
JEFFERSON,SGP
JEFFREY,LUX
JEJEREMIAS,ARG
JELLO_SSB,USA
JELLY,CAN
JELONAVINA,FIN
JEN_98,USA
JEOSLAPHA,CAN
JEREME,SGP
JERPIDUDE,USA
JESSE KELKAR,USA
JJ,FIN
JLET,XXX
JOACOZEP,ARG
JOCKEL,GER
JOE,USA
JOELINK,ARG
JOEY PARKER,USA
JOHANN,BRA
JOHN BYRAM,USA
JOHN WONG,HKG
JOHN_8100,MLT
JOMANCOOL,BEL
JON BAKER,USA
JONAS,USA
JONO103,AUS
JORDAN HARRISON,USA
JORDAN_CAN,CAN
JORGE WHITE,MEX
JOSEPH,USA
JOSH TOLLES,USA
JOYCE,HKG
JUICY,KOR
LTIQUE,LTU
JUST_CALL_ME_AL,USA
JUSTIN B,USA
JUSTINMAN,USA
JUSTUS,USA
KAELGEN,FRA
KAINOS,KOR
KAT,ITA
KDENYE,FIN
KEBABSKI,SWE
KEITH WONG,CAN
KELSEY,CAN
KENNY,USA
KEVIN,USA
KEVIN BIRRELL,USA
KIBI_BYTE,USA
KINETICBEAST,USA
KINGSMAN,USA
KIRBY703,USA
KIRBYRULZ,USA
KITCOT,GBR
KLEIN,CHN
KNEXOOS,CAN
KOFI,USA
KOIRO,FIN
KOJTEK,POL
KOLJAKOALA,GER
KOOLIO,USA
KORYAN,JPN
KRB,CAN
KRIM0R,USA
KRISTEN STEIN,USA
KRYPTONICK,GBR
KRZYWY,POL
KUBOXXXXX,POL
KUNFUSINGPOKE,USA
KURRI,ISL
KYLEPRECISE,USA
KYON,USA
L_CPP,USA
LAKABOT,UKR
LANA,AUS
LANNHENG,AUS
LARS FROM TEXAS,USA
LASTAROT,BEL
LAU CHEUK,HKG
LAZERMONKEY,USA
LDINOS,GRE
LEAURAX,GER
LED ASTRAY,RUS
LEE HUI,SGP
LEEPINE,SGP
LEONIQORN,GER
LESTERN,RUS
LETTUCE,GBR
LG3RM,GER
LIAM,AUS
LIFTERIS,LTU
LIKEADCARRY2,USA
LILLI,SGP
LIMAO,BRA
LIMEN,USA
LIMEN_LAVENDER,USA
LITTLE_MAC,RUS
LJ FIN,AUS
LMAO_YEET,USA
LMAOTSETUNG,USA
LOCKY,HKG
LOGAN,CAN
LOLCATZ,GBR
LONGBOY,SWE
LORD_NOOM,GER
LORD4NONI,GER
LOUIE SKOUIE,CAN
LOWERCASE,USA
LU_CHRIS,LUX
LU_FELIX,LUX
LU_JOSHUA,LUX
LU_LUC,LUX
LU_MAXIME,LUX
LU_MIKE,LUX
LU_TARA,LUX
LUCAS3241,BRA
LUCO,NED
LUCY,GBSC
LUIS,ESP
LUIS_TETRIS,POR
LUISZABBY,AUT
LUKE,USA
LUKIDELUXE,AUT
LUMINIA,FRA
M.GUZMAN,USA
MACK (CANADA),CAN
MACKIMATIONS,USA
MADDY,USA
MAEDHROS,ITA
MAI,GBEN
MAITREHUITIEN,CAN
MAIWINGKOS,BEL
MAKO,USA
MALAYA,PHI
MAO MAO,GBR
MAOSHIZHONG,GBR
MARC MAIER,GER
MARFRAM,USA
MARIKH13,GER
MARIO LAFLEUR,CAN
MARIUSJXN,GER
MARK MIGAS,GER
MARLE,USA
MARTIN_NOR,NOR
MARTS,CAN
MARY POWELL,USA
MATGAMBATTO,BRA
MATT HOLLAND,USA
MATT MARTIN,USA
MATT S.C.,USA
MATT_USA,USA
MAURICESY,GER
MAX,GBR
MCKICKASS,USA
MCMUFFIN,NOR
MCPORKCHOP,USA
MDSKLR,CAN
MECEX,ESP
MEESY176,USA
MEG,XXX
MEGARETROMAN,USA
MELHK,NED
MELISSA,CAN
MELKRISTA,XXX
MELONSODA,PHI
MEMORIA,USA
MENDION,ARG
MENTAI,INA
MEOWMIXMIX,USA
METALBEAST,USA
MI5MEFAIL,CAN
MICETRO,USA
MICHELLE,HKG
MICHU,POL
MICROBLIZZ,CAN
MICWOJ,POL
MIKA_USA,USA
MIKE H,USA
MIKE I,USA
MIKE OWEN,USA
MIKE WINZINEK,USA
MIKE_CAN,CAN
MILE,ITA
MILO,USA
MINERTYLER,USA
MINGO,USA
MINGSHIN,SGP
MIRCRON,PHI
MISSCLICKER,RUS
MISTEC43,USA
MISTETRIS,VIE
MITCHELL,CAN
MITHICAL9,CAN
MITOLEX,GER
MLECZAK,POL
MOHAMMAD,PSE
MOJA,GER
MONDAY,COL
MONKEY YO,IRL
MonthlyTetris,XXX
MOODEUCE,AUS
MORELANDO,USA
MORKOS,FIN
MOULIS64,GRE
MOVIN,HKG
MR_CLYDE,USA
MRDUGGY,CAN
MRFAQ,ARG
MRHELDIN,BRA
MRSHADOW,GBR
MRSWARTT,DOM
MS_DROP,USA
MSON,HKG
MT,AUS
MUTIGION,ESP
MUUNAS,USA
MWK,POL
MYLES,USA
MYLES (ROLL),USA
NADA,CAN
NADERAGE,USA
NANSUCHAO,ITA
NATHAN GRAYBEAL,USA
NATHAN Y,AUS
NAVIA,USA
NDDK,USA
NEMESIS,AUT
NENU,INA
NEOTRISSS,FRA
NERDTHEBOX,XXX
NERDZZZZZ,HKG
NESCARD,CAN
NEURO630,USA
NEVANATOR,USA
NEWPLAYER,XXX
NFUTURIST,RUS
NGC MAN,USA
NICK (MANITOBA),CAN
NICKFURY,CAN
NICLINN,ROC
NICOLA,HKG
NIGHT,CAN
NIIWO,USA
NINER80,USA
NISHI,POL
NN29,USA
NOEL,USA
NOLAN,USA
NOMARCH,USA
NOMORI,BRA
NOODLE,AUS
NOQTURN,CAN
NORTHING,NED
NOSKCAJ,AUS
NOSSIJEV,ITA
NOTOBIII,USA
NOVAWOLF,USA
NOWI,MEX
NOZTROM,USA
NTD1928,VIE
OBELEX,FRA
ODINNLOGI,ISL
OEUFMEANSEGG,USA
OFFWO,GBR
OGLOP,USA
OHAY,GBR
OKTOPUSE,USA
OLDTAPPER,BRA
OMIO,CAN
ONLYMX13,USA
OOFED,GRE
OOFIE,VIE
OPAUX,USA
ORBANOV,POR
ORUCS,USA
OSCAR,USA
OUTCAST,GER
OWCA,POL
OWEN,USA
PACKIE,USA
PACO,USA
PALAO,BRA
PANDABEAR314,USA
PANQUEQUEQUE,USA
PARADOINK,USA
PAT,USA
PAT G,AUS
PATRICK NYFFELER,USA
PAUL FUJITA,USA
PAUL YEO,SGP
PAULISTER,GRE
PEEKAYRIC,USA
PENGUINPANIC,GBR
PEPE,ARG
PETER (CANADA),CAN
PETER B,USA
PETER NG,HKG
PEYTON,USA
PHAMTOM,USA
PICKLE,USA
PIEPUSHER,USA
PIKASTAR,KOR
PINILLAR,COL
PISSARSE,GBR
PIW,XXX
PIXELANDY,USA
PIXELATC,THA
PJ,BRA
PJ290,USA
PKD,CAN
PLO,POR
PLUTO,USA
PMYA,GBR
POET13,GER
POKE,ROC
POKEMONFAN,USA
POKENERD,KOR
POLICYCHANGES,USA
POLIDON,USA
POLLO,MEX
POO_DIEPIO,USA
POOCHY,USA
POOPYOLDHAG,NZL
PORTERRICHTER,USA
POTATOSEAN,USA
POULFA,GER
POWERNIPS,USA
POWERSLIDE,USA
PRETZEL,CAN
PRINCE FLUFFY,USA
PROCYON,FRA
PROFESSOR_L,USA
GUARDIANPSYCHO,USA
PUMIS,SWE
PUMMYZOI,USA
PUMPYHEART,USA
PUPPYBALL,USA
PYREK,POL
QOMBAT,RUS
QUAID,USA
QUETRISTE,USA
RADMIR,RUS
RAGEROD,XXX
RAHMATIONS,USA
RAIKOURDR,USA
RAIN,USA
RAINBOWW,USA
RAMCHOP,JPN
RAPTA,GER
RARESIX,GBR
RAUL,USA
RCDRONE,USA
REALLYSATCH,PHI
REDREOICY,USA
REDSHURT,USA
REDSTONE,AUS
REED,USA
REKU314,USA
REMAININGS,CAN
REMMEDY,NZL
REMMY,CAN
RENSUCHAN,USA
RESTINGZZZ,USA
RETRORIDER,SGP
REVUP,USA
REXION,AUS
REYKON,USA
RF3,ROC
RGGLENNON,USA
RIB,GBR
RICCARDO,ITA
RICEYRICE,SGP
RICHARD,GBR
RICHARD WOLF VI,COL
RICKFERD,AUS
RIGEL PEARCE,USA
RILEY,SGP
RMGBREAD,USA
ROAVIN,GER
ROBIN MIHARA,USA
ROCCORICCI,NED
RODIOS,MEX
ROKUICHI,JPN
RONCLI,USA
RONSTER,GBR
ROO,AUS
ROOSTR,CAN
RORRI_M,USA
RORY,MEX
ROSS,AUS
ROY,GBR
ROY (OHIO),USA
ROYSTRANG,ITA
RUINS,USA
RURCZAK,POL
RVP,BEL
RY,AUS
RYAN B,AUS
RYAN L,CAN
RYAN RITCHIE,USA
RYEN,USA
RYOSOSTO,VIE
SABLEN,USA
SAKURION,GER
SALMONTERIYAKI,GBR
SALTEDSOFA,CAN
SALVOLC,GER
SAM FINCH,USA
SAM PARRY,USA
SAMANTHA,GBR
SAMTHESPEEDRUNNER,BEL
SAMYS,CAN
SANTOS,ARG
SASSYFISH,USA
SATURNIC,ARG
SAUCE,PHI
SAVECATZ,USA
SAYMYNAME,USA
SCAMPER9,GBR
SCHA,USA
SCHOOLMASTER,USA
SCOOPMAN,GER
SCOTTOBOZO,USA
SCOVIS,USA
SEALIO,USA
SEALRV,GBR
SEAN,SGP
SEAN MILLER,USA
SEAN1743,USA
SEANONTWITCH,JPN
SEMILOGO,USA
SEUNGO,KOR
SHADOWGUY,DEN
SHAKENBEL,RUS
SHAKIL ASSI,USA
SHANNON,AUS
SHARKY,USA
SHAWN SCHWARTZ,USA
SHENG,USA
SHININGFACE,USA
SHQDWNIGHT,USA
SHUICHI,GER
SHULPHURIC,ARG
SIDESHOW_BOB,USA
SIDNEV,NED
SILVER G,CAN
SIMON,CAN
SINEWAVE,GER
SIRKINGV,CAN
SIRMASER,NED
SIXFOUR,GBR
SKAILORD,USA
SKALEJANDRO,MEX
SKANBALL,INA
SKIB,USA
SKIPLOGIC,USA
SKUCI,CZE
SLACKYNESS,RUS
SLAYER69,USA
SMOLJORDAN,USA
SMOOTH MOTION,USA
SNAILIEN,CAN
SNOWGOLFGAL,USA
SNUF,AUS
SODIUM,USA
SOLOMON,CAN
SOMALIAN,USA
SPEEDPERUNA,FIN
SPIRITVET,USA
SPOOPYDOOPS,USA
SQR,JPN
SQUAREWAVE,USA
STACY,USA
STANESLOW,USA
STATZGFX,GBR
STEVE,USA
STEVE HILL,USA
STEVEN HUGHES,USA
STEVEN598,CRC
STICK ANG,MYS
STORMIN,USA
STRATUS,USA
STUPERFLUOUS,USA
SUDS,USA
SUMP,AUS
SUNDECO,USA
SUNNY,GBR
SUNSHINE,CAN
SUPERMINES,USA
SUPERSHOCKY,USA
SVAVAR,ISL
SVENCMM,GER
SVNESTRIS,GBR
SWIDR,POL
SWINEMEEPER,USA
SYNSHANE,USA
SZYMEN,POL
TACOMOM,USA
TAMARINDO,MEX
TAMATOMO,MYS
TANKIMUS,USA
TARA SMITH,AUS
TATE_MANNING,USA
TAVERN,THA
TBRICKS,ESP
TCY,SGP
TEBANOKU,CHI
TEDDAYSR,XXX
TEDDYRUGBY,USA
TEGAMECH,SWE
TEMPOH TETRIS,GBR
TERI,USA
TERRY PURCELL,USA
TETCHYFND,CAN
TETRASAURUS,GBR
TETRIS LUKI,GER
TetrisGauntlet,XXX
TETRISTIME,USA
TETRIUM,CAN
TETROBI,GER
THATGUYWB,FRA
THECHEATER,ARB
THECTTV,USA
THEGUARDIANPM,USA
THEJAYJAY,GBR
THEKANDYKING,USA
THEMISTERVALOR,USA
THES0AP,USA
THIRSTYJACOBO,USA
THOM,GBR
THOMAS_QC,CAN
THOR,USA
THREESTWOS,GBR
TIFFANY,HKG
TILLBAKS,SWE
TIMELOCKED,USA
TIMMYKIM,USA
TIM WONG,MYS
TING,HKG
TIRED_RL,XXX
TJ,NOR
TOBEGH3,GER
TOBIAS B,CAN
TODD BATES,AUS
TOM,USA
TOM G,AUS
TOMELLO,ESP
TOMMYDABE,USA
TOMMYNTG,USA
TONI,SUI
TORZSA,THA
TOURIST,GER
TOXICSTABS,POR
TRACEYWOOO,USA
TRACTIE,GER
TRAPZONE,USA
TRENT,USA
TREY HARRISON,USA
TRIPLEDDOT,INA
TRISTAN,SGP
TRISTANCAKEPAF,INA
TRISTOP,USA
TRISTOP (ROLL),USA
TRIXTR,CAN
TRUE ENIGMA,BRA
TSCHNECKE,GER
TSTORM,USA
TT PLAYA,CAN
TUGI,AUT
TUPPER,GER
TURO,COL
TURTLE,GBR
TVSSORA,VIE
TWEAK_BEACON,USA
TWOQUANTUMBITS,SGP
TWQC,SGP
ULFORCE,ARG
UNCLE MIKE,USA
UNDERDOG,USA
UNOR1GINALNAME,PHI
USERNAMEGOLD,MKD
V4ECTR,ITA
VACHETBEASTY,ESP
VACUUS,USA
VALERIE,SGP
VALERIE_MAYBE,USA
VANDWELLER,USA
VANSH,IND
VELONEMO,POL
VERNIE,CZE
VICIOUS RHUBARB,USA
VIKTOR,HKG
VIKTOR WFH,RUS
VILMAKER,CHI
VINCE,USA
VISCHER,USA
VLXX,AZE
VORAP,USA
WALLBANT,CAN
WALTERMELON,USA
WHODIS,USA
WIDE,AUS
WIKE,USA
WILDBEAST,POR
WILL T,AUS
WILLIASHATNER,CAN
WILLYB,CAN
WILMERENDO,COL
WINNERBIT,USA
WMD_88,USA
WOLFLORD,CAN
XAEL,AUS
XARD,RUS
XARNAX42,USA
XENNYLUX,COL
XENOPHILIUS,USA
XERMINATOR,NED
XERXOS,USA
XILE,ISL
XLINK,GBR
YAMACIA,FRA
YAMIR,PUR
YAMNY,POL
YASN,LUX
YEETSKEET,USA
YEEZY,USA
YING ZHONG,AUS
YMTSUBASA,SUI
YOBI,SGP
YOSHI I,AUS
YURILIA,USA
YUSIF,AZE
Z_WING,USA
ZAG,CAN
ZBOONEZ,USA
ZEOLADE,GER
ZEST,MYS
ZHOU YI FU,ROC
ZIPLEY,USA
ZUBATS,USA
ZYDRAS,GBR
BRIGHTON,USA
JONESY,USA
SELFURIAS,COL
KAT,ITA
TSUKI,JPN
COBALT,USA
CLOCKWORKER,USA
FRENCHIESTFRIE,USA
JAZON,POL
MASTASZ,POL
GRESIU,POL
ZELAZOWY,POL
GRZECHOOO,POL
METR,POL
BAKADRIAN,POL
WHITE MONSTER,POL
JAANUUSH,POL
CINEQ,POL
JEDI GRZYB,POL
GOSCIU,POL
DON LOOZ,POL
DAWIDKBC,POL
HUBERTUS,POL
RYJEC,POL
NEWCAT07,POL
PSASZ100,POL
PERIDOT,GBR
NTEK,XXX
DQCLAN,USA
IVORY,USA
RETROGUY,USA
CTBeNeLux,XXX
SARGIN,TUR
JONAH,FIN
PRIMERTECH,XXX
MADAS,POL
CHRIS JARZYNA,POL
KAROL M,POL
POOP_CAT,POL
DDUR,POL
ZYILDRL,USA
CREEPERCRAFTYT20,ARG
GEOWOLF,NED
SEBASTIAN,USA
SCHTOIKLE,USA
TWIFTY,AUS
KYIRA,GBR
HIGH LVL WIZARD,USA
JUNIOR,USA
DORUK KAPTAN,TUR
Foryst / Bakadrian,XXX
TetrisPoland,XXX
TYTRIS,USA
SIDNEY,USA
BLUE SCUTI,USA
MARCO,ITA
BUDDY,KOR
GCS,USA
TAIKODUDE,USA
BOATSNJOES,USA
WIKIALES,ESP
BOBBY,USA
JEPER,NED
MNPuzzleLeague,XXX
FP / GDudge,XXX
Świdr/Szymen,XXX
RADUX,CHI
HEATER,USA
ClassicTetrisTurkey,XXX
CCHRISTM,USA
MFRERCK,USA
ASTROPHYSICIAN,USA
JAHON,NOR
MAXOUTCLUB,XXX
TYDOMINOGUY,USA
KLYSTYR,USA
PINGO,URY
MADPEAR,USA
CONAN,USA
SOORVIE,USA
KRISTEN,USA
DOODLE,USA
JED,DOM
TWOTWOS,XXX
NEURALG,TUR
TNISAINT,USA
SNOWLILYX,XXX
YASIN,TUR
TRISTOP (DAS),USA
PIXELANDY (DAS),USA
ANID,MEX
HOOK,MEX
DOC PI,USA
PORTALLL,KAZ
SRB,GER
REI,MYS
NESTEVE,USA
ONEPOUNDBOBBY,XXX
RENS,USA
GERALD FREEMAN,USA
GAGESGARDENS,XXX
TETRISJAZZ,CAN
VALID,USA
BORKEDBEAR,GBR
LIOLIO,BUL
FLEXIUMNOVA,TUR
LAPISLAZULI,USA
F1PROX,FRA
BERGTROLL,FRA
PASTELCHARLIE,USA
ZXVYE,XXX
REID,USA
ARCTICXC,USA
FRODO,GBR
PEATTETRIS,GER
NORMAL RTHJK,USA
WORLDOBLOCKS,CAN
SAVOURYLOBSTER,CAN
EUMELI,XXX
WDSUBIA,USA
HALLUCINATI,PHI
MADVOX,GER
MACHIETYPEA,CAN
FELIXFELICIS,GER
ELLERYSTACKS,USA
LAURENJESSON,USA
CARELESS,CAN
ODRACHESS,ITA
FLASHMONGER,CAN
DAWSON,USA
ZOGNORM,XXX
CLAW,USA
,
ALPHABETH,NED
NOAHDENG,USA
GORILLA,USA
STACKRABBIT,USA
TRIPLE MACHINE,USA
CHEFGOBES,XXX
TEMPHUIBIS,GBR
ZYXIA,XXX
MOON,XXX
MATT M (MIDWEST),USA
PETER W (MIDWEST),USA
DONALD G (MIDWEST),USA
JEREMY M (MIDWEST),USA
JIM C (MIDWEST),USA
LOVENRAZU,USA
MONTHLYTETRIS2,XXX
MUFFYIO,XXX
PICKLESPEARS,USA
CURIOSITY,USA
TETRISTIMER2000,XXX
NTAM117,USA
MAJOONEZIK,POL
HAMADOSHI,POL
KANTO,FRA
BXNSHY,USA
AJAX,GER
BUBBLEG,CHE
C3DL,GER
SHAUNANIGANS,AUS
FRIEDER,GER
WEISBROT,GER
JANUARY,USA
TIGERCLONE,USA
DEAN,USA
BENNY,USA
NINJA,USA
DB_YGO,XXX
RYAN AMBURGY,USA
MARIOX,COL
ARATTOR,POL
BINTURONG,POL
PSYHO,POL
SJN,POL
XYNTHIC,USA
